example_id,customer_tweet_id,customer_text,intent,auto_handle,escalation_reason,notes,annotation_status,gold_handling,predicted_intent,predicted_handling,draft_reply
golden-001,1089,@115911 If I had the extra 300 as a down payment I’d do it. Too bad you can’t just use my old 6s plus. 🙁,network_service,yes,,,complete,auto_handle,other,escalate,Please send us a DM so we can help.
golden-002,1299,@115913 I'm a #TMobile customer getting the runaround from @115714 to unlock ported phones. Now my kids don't have phones 2nite. Help!,device_upgrade_unlock,no,Ported-phone unlock issue requires account-specific review and prior support follow-up.,,complete,escalate,other,escalate,Please send us a DM so we can help.
golden-003,4094,@115911 @116690 I could not find the play now feature for this weeks game. I signed up for Twitter to play the game which is what I understood was needed,device_upgrade_unlock,no,Ported-phone unlock issue requires account-specific review and prior support follow-up.,,complete,escalate,other,escalate,Please send us a DM so we can help.
golden-004,6577,@115911 @117159 Yeah except when you have had the phones since launch and your BOGO rebate is still being denied. Way to go...,plan_features_promotions,no,Promotion/rebate eligibility and account-specific credit require review.,,complete,escalate,other,escalate,Please send us a DM so we can help.
golden-005,15849,"@115913 John Legere, is Tmobile a good carrier around Rainsville area? I want to when something special. I'm looking for a good phone company, verizon is not getting alone with me. They is robbing me",network_service,yes,,,complete,auto_handle,other,escalate,Please send us a DM so we can help.
golden-006,15853,@115913 You know would be great? Reliable @115911 signal coverage where I live. Can you give THAT  away?,network_service,yes,,,complete,auto_handle,other,escalate,Please send us a DM so we can help.
golden-007,15918,"@115913 So far T-Mobile's not doing real good. I signed up last Wednesday with an iPhone 2:56 supposed to be at my house by Monday oh, here it is Tuesday the order was reprocessed last night.",order_shipping,no,Order status and delivery issue require account-specific review.,,complete,escalate,other,escalate,Please send us a DM so we can help.
golden-008,16229,@TMobileHelp I DMed you !,device_upgrade_unlock,yes,,,complete,auto_handle,other,escalate,Please send us a DM so we can help.
golden-009,17981,@115911 Sultan from @TMobileHelp was able to help me out!,other,yes,,,complete,auto_handle,other,escalate,Please send us a DM so we can help.
golden-010,18781,Not even deadline yet and my @115911 Tuesdays code for @1247 photos don't even work 😭😭,device_upgrade_unlock,yes,,,complete,auto_handle,other,escalate,Please send us a DM so we can help.
golden-011,19523,@115913 @115911 @115725 give a better black friday deal to 10 +year customers,order_shipping,yes,,,complete,auto_handle,other,escalate,Please send us a DM so we can help.
golden-012,29040,"@115911 I love that you are doing this for Hurricane Victims,I also flooded from Harvey but I would really like my $600.00 back. #scammedbyemployee https://t.co/LDvIZCq1nu",other,yes,,,complete,auto_handle,other,escalate,Please send us a DM so we can help.
golden-013,32520,@115911 I pre - ordered my phone on the 27th what day should I receive it?,billing_payment,yes,,,complete,auto_handle,other,escalate,Please send us a DM so we can help.
golden-014,37110,@115913 Well I’m always up for “Free” stuff what you got to offer so I can drop Verizon.. lol,support_follow_up,yes,,,complete,auto_handle,other,escalate,Please send us a DM so we can help.
golden-015,37119,"@115913 Tmobile charged $3/min for Haiti even when I didn't reach the person. If I reached him, while on the call, I get a recording of the convo.??",billing_payment,yes,,,complete,auto_handle,other,escalate,Please send us a DM so we can help.
golden-016,37132,@115913 Traveling from Canada... any good options for data and calls better than my carrier here?,order_shipping,yes,,,complete,auto_handle,other,escalate,Please send us a DM so we can help.
golden-017,37168,@115913 Been with Verizon for 10+ years never had any problems or complaints.... Why should I switch @115913 ?,other,yes,,,complete,auto_handle,other,escalate,Please send us a DM so we can help.
golden-018,37191,@115913 Was promised the pixel deal and when I switched from Verizon I found out it was a bait and switch. Needed your help John,support_follow_up,yes,,,complete,auto_handle,other,escalate,Please send us a DM so we can help.
golden-019,42742,Hi @115911 my child smashed his iPhone 5. How can I replace the 5? He isn't responsible enough for more than that. Advice for aftermarket? https://t.co/ZVShuBxzax,plan_features_promotions,yes,,,complete,auto_handle,other,escalate,Please send us a DM so we can help.
golden-020,42746,owe to me. Truly disappointed in the customer support and over all company morals of @115911 .,network_service,yes,,,complete,auto_handle,other,escalate,Please send us a DM so we can help.
golden-021,44939,"@TMobileHelp  what's up with the super shitty service in Vegas today???
This is ridiculous.",network_service,yes,,General regional coverage/outage complaint; safe for standard troubleshooting or outage status template without sensitive account access.,complete,auto_handle,other,escalate,Please send us a DM so we can help.
golden-022,45429,@115913 Frustrating that the Bogo Ip8 deal excludes current customers with multiple lines.  Guess leaving TMO after 4 years for AT&amp;T's sale looks like the better deal.  You should reward current customers for loyalty instead of penalizing then,plan_features_promotions,yes,,Customer is complaining about promo terms (BOGO iPhone 8 deal excluding existing multi-line accounts) and threatening churn; safe for automated general brand response explaining promo terms or thanking for feedback.,complete,auto_handle,other,escalate,Please send us a DM so we can help.
golden-023,58308,@TMobileHelp if someone could help me with one more thing on DM I promise to leave you alone for a while☺,support_follow_up,no,"Customer explicitly requests DM support to resolve an ongoing or follow-up support issue, requiring a human agent to handle the private conversation.","Ambiguous context as specific issue details aren't provided, but explicitly requests follow-up via Direct Message.",complete,escalate,other,escalate,Please send us a DM so we can help.
golden-024,81459,@115913 I have T-Mobile and it's terrible.  Unlimited plan would be awesome - if you could get service.  Greatest?? I think not.  As soon as my agreement is up I'm jumping off this sinking ship.  #terrible,network_service,yes,,General complaint about poor coverage/service quality and threat of leaving T-Mobile; safe for standard public support response offering basic network troubleshooting.,complete,auto_handle,other,escalate,Please send us a DM so we can help.
golden-025,84049,@TMobileHelp From the Rec to the 2 step???,account_security,no,"Customer is referencing two-factor authentication / 2-step verification (""2 step""), which involves sensitive account security procedures.",Cryptic/fragmented message referencing two-step verification; safety rules dictate account-security signals escalate to human/DM.,complete,escalate,other,escalate,Please send us a DM so we can help.
golden-026,84054,"I think I'm gonna apply for tmobile. They're ranked one of the top companies to work for, for parents. Though all I've seen is retail rep positions open. I'm open to relocating. Please help @115913 @115911",other,yes,,"Query is about job applications and employment opportunities at T-Mobile, which falls outside standard customer support intents and can be safely auto-responded with a link to the careers site.",complete,auto_handle,other,escalate,Please send us a DM so we can help.
golden-027,96273,@TMobileHelp @115913 And you had simeone else help me.  I have not had you send me another dm,support_follow_up,no,Customer is referencing an ongoing direct message conversation and requesting follow-up assistance via DM.,"Expresses confusion over previous agent interactions and explicitly requests DM contact, requiring human agent escalation.",complete,escalate,other,escalate,Please send us a DM so we can help.
golden-028,164036,@115913 Not sure why I can't #BOGO the #S8. Seems I've been with @115911 too long to get a good deal?,plan_features_promotions,yes,,Customer is asking about eligibility for a Galaxy S8 BOGO promotion as an existing customer; safe for an automated reply directing to promo terms or public upgrade options.,complete,auto_handle,other,escalate,Please send us a DM so we can help.
golden-029,164050,"@115911 All of the deals require that I add a line. I already have 9 lines. Also, I believe all of them also require that I change over the T-Mobile One plan. I can't afford that big of a plan change.",plan_features_promotions,yes,,Customer is asking about plan requirements (adding a line / switching to T-Mobile One) for promotional deals; safe for automated general response clarifying plan requirements and public promo terms.,complete,auto_handle,other,escalate,Please send us a DM so we can help.
golden-030,168553,Different customer experience and unfair treatment for individual customers. Evryone should be treated equal as customer. @TMobileHelp @115911 @139105,other,yes,,General feedback/complaint regarding customer treatment and equality across customer accounts; safe for an automated general brand response acknowledging feedback without requiring private account access.,complete,auto_handle,other,escalate,Please send us a DM so we can help.
golden-031,175816,@TMobileHelp @115913 Sorry not an issue that Help can fix. Appreciate the reply though. Just venting frustrations. This situation isn't huge just opened the big wound my mom had a while ago and I feel because her complaining before is why she's feeling unwanted. Smh.,other,yes,,Customer explicitly states this is not an issue support needs to fix and that they are just venting personal frustrations; safe for automated empathetic acknowledgement.,complete,auto_handle,other,escalate,Please send us a DM so we can help.
golden-032,175839,"@115913 was gonna switch from @ATT to @115911 , but all sale systems were down. Must be a Blessing in disguise.",other,yes,,Customer is expressing frustration over system outages while attempting to switch carriers; safe for a standard automated response apologizing for the system inconvenience and offering help to get started.,complete,auto_handle,other,escalate,Please send us a DM so we can help.
golden-033,175848,"my experience with @115911 customer service and @115725, all yesterday, solidified our $$$ move to tmobile. 1000% worth it. t did everything they could to *solve* my problem even tho it took a bit w/o hesitation. v basically said, oops SOL.",other,yes,,Positive feedback praising T-Mobile customer service compared to Verizon (@115725); safe for an automated thank-you response.,complete,auto_handle,other,escalate,Please send us a DM so we can help.
golden-034,188772,Always an issue and fee with @115911 and seem to be crooked like @116827,billing_payment,yes,,General brand complaint regarding unexpected fees and pricing policies without specific account details provided; safe for an automated general support response offering to clarify fee policies.,complete,auto_handle,other,escalate,Please send us a DM so we can help.
golden-035,188799,@115913 @115911 Too bad this is not accessible to existing customers with their existing lines.  Looks like switching to another carrier is the only way. :(,plan_features_promotions,yes,,Customer is complaining that promotional deals are restricted to new lines/customers and threatening to switch carriers; safe for an automated public response acknowledging feedback or explaining general promo options.,complete,auto_handle,other,escalate,Please send us a DM so we can help.
golden-036,213014,"@115913 So what? I can walk into Verizon, buy the phone, walk out, and just like that get half off? Does one simply walk out of Verizon?",plan_features_promotions,yes,,Customer is asking about competitor (Verizon) promotion terms and trade-in/purchase rules; safe for an automated general response addressing promotional inquiries.,complete,auto_handle,other,escalate,Please send us a DM so we can help.
golden-037,224138,@115911 I'm at home and this is ridiculous. I can't load anything. What am I paying $100 a month for? https://t.co/fwmg3neAt4,network_service,yes,,"Customer is complaining about home data/network connectivity issues (""can't load anything"") combined with a general bill mention; safe for an automated standard response with basic network troubleshooting steps.",complete,auto_handle,other,escalate,Please send us a DM so we can help.
golden-038,227571,WOW this is amazing! Amazingly slow @115911 @TMobileHelp @115913 https://t.co/EHD2E386L9,network_service,yes,,Sarcastic complaint about slow network speeds; safe for an automated standard reply offering basic network troubleshooting.,complete,auto_handle,other,escalate,Please send us a DM so we can help.
golden-039,237969,@TMobileHelp I noticed my device protection is on the wrong phone. Can you look into that?,billing_payment,no,Resolving device protection assignment requires accessing private customer account details and modifying line-level features.,Account-specific request involving feature assignments; must be escalated to a human agent via DM for account verification.,complete,escalate,other,escalate,Please send us a DM so we can help.
golden-040,240916,@115913 please improve the signal at JFK especially the cell phone lot. Very shody signal.,network_service,yes,,Specific location-based feedback regarding poor network coverage at JFK Airport cell phone lot; safe for automated general response acknowledging coverage feedback or providing standard coverage reporting options.,complete,auto_handle,other,escalate,Please send us a DM so we can help.
golden-041,241223,@173267 @115913 I was with t-mobile for 10 years and they charge me with 2 months without having their service 😡,billing_payment,no,Disputing un-rendered service charges and requesting account billing resolution requires human verification and private account access.,Customer is reporting an unauthorized or invalid 2-month billing charge after canceling service; payment disputes always escalate.,complete,escalate,other,escalate,Please send us a DM so we can help.
golden-042,250522,@115911 Can you please cancel my order 1171839554 which is ordered one hour ago?,order_shipping,no,Order cancellation requires direct human intervention and private account verification to process transactions.,"Includes a specific order ID, requiring private account look-up to modify/cancel an active order.",complete,escalate,other,escalate,Please send us a DM so we can help.
golden-043,256095,@TMobileHelp Over the phone when I preordered the note 8 over a month ago. The rep said it would be credited to my account the next month,billing_payment,no,Missing promotion credit on an account requires private account access and human review of pre-order records.,Account-specific payment/credit dispute regarding a Note 8 pre-order promotion that was not applied as promised.,complete,escalate,other,escalate,Please send us a DM so we can help.
golden-044,258977,@115913 and if I buy a new phone you guys charge me $20 for the privilege of buying a $900 phone off You! Gtfoh!!!,billing_payment,yes,,Frustration/complaint over a standard $20 upgrade/assisted support fee when buying a new phone; safe for an automated public response clarifying policy or acknowledging fee feedback.,complete,auto_handle,other,escalate,Please send us a DM so we can help.
golden-045,258983,@115911 service has been real shitty everywhere latley. Cant even use the phone at my new place.,network_service,yes,,General complaint about recent widespread service degradation and poor signal at a new location; safe for standard automated network troubleshooting and coverage guidance.,complete,auto_handle,other,escalate,Please send us a DM so we can help.
golden-046,260768,@115911 Why don't you show @2688 plans love? I can't take advantage of your free Netflix offer. 😢,plan_features_promotions,yes,,Customer is asking about eligibility for the Netflix on Us promotion on specific plans; safe for an automated public response explaining general promo terms and plan requirements.,complete,auto_handle,other,escalate,Please send us a DM so we can help.
golden-047,260935,@TMobileHelp Just sent a DM.,support_follow_up,no,"Customer explicitly states they sent a Direct Message, requiring a human agent to access private messages and handle the issue.",Explicit confirmation of direct message transfer; must escalate to human/DM workflow.,complete,escalate,other,escalate,Please send us a DM so we can help.
golden-048,264583,"@115911 With deals like this offered only to new lines, you do not provide an incentive to stay with TMobile. I'm better off switching to a new carrier when buying a new phone (which I am looking to do)",plan_features_promotions,yes,,Customer is complaining about promotion eligibility (new lines vs. existing customers) and threatening churn; safe for an automated general response explaining existing customer perks or general promo options.,complete,auto_handle,other,escalate,Please send us a DM so we can help.
golden-049,264910,hey @TMobileHelp ! will JOD customers have to pay a deposit on a iPhone X?,plan_features_promotions,yes,,Customer is asking a general inquiry about program terms (JUMP! On Demand down payment / deposit policies for a specific device); safe for an automated reply explaining general JOD down payment rules and pricing structure without needing account access.,complete,auto_handle,other,escalate,Please send us a DM so we can help.
golden-050,266975,@115913 @115911 You gonna get rid of the data dead zone in South Lake Union/downtown Seattle at any point?,network_service,yes,,Customer is asking about network coverage and data speeds in a specific geographic location (South Lake Union / downtown Seattle); safe for an automated general response acknowledging localized network feedback or providing standard coverage/troubleshooting info.,complete,auto_handle,other,escalate,Please send us a DM so we can help.
golden-051,271010,@115911 so your phone freezes support orders you another  but can't get to you for 4-5 days? That's ridiculous. Hope we can get a loaner!,order_shipping,yes,,Customer is expressing frustration with shipping times for a replacement phone and asking generally about loaner phone policies; safe for an automated public response clarifying general replacement shipping timelines and loaner policy without requiring account access.,complete,auto_handle,other,escalate,Please send us a DM so we can help.
golden-052,283680,@115913 Had T-mobile on first phone. Cost me a fortune because I used at job as a hospice RN. Got call from Germany over $300! No reimbursement!,billing_payment,yes,,Retrospective complaint regarding high roaming/international call charges incurred on a past bill without requesting specific account action; safe for an automated general response explaining standard international calling rates and features.,complete,auto_handle,other,escalate,Please send us a DM so we can help.
golden-053,299134,@115913 @TMobileHelp any news with he #iPhoneX promotions   ?? #magenta,plan_features_promotions,yes,,General public inquiry regarding device promotions and deal news; safe for an automated reply sharing current public promotional details and links.,complete,auto_handle,other,escalate,Please send us a DM so we can help.
golden-054,299758,@TMobileHelp Where did the chat with support function go in the app? I was in a chat earlier and it disappeared,support_follow_up,yes,,Customer is asking a general technical/navigational question about app functionality and lost active session; safe for an automated reply providing steps to locate support chat in the app or basic app troubleshooting.,complete,auto_handle,other,escalate,Please send us a DM so we can help.
golden-055,302732,@TMobileHelp @115913 Now your billing is handling my account incompetently. I will be forced to seek other actions if you screw up my credit. This is serious.,billing_payment,no,"Customer is reporting billing incompetence, disputing financial charges, and raising credit score/reporting threats, which requires immediate human account review and private account access.",Severe billing issue with potential financial impact; sensitive dispute requiring human escalation to pull account history.,complete,escalate,other,escalate,Please send us a DM so we can help.
golden-056,313090,"Living in silicon valley, the tech capital of the world and still CANT get reception in and around the roads of Palo Alto!! @TMobileHelp",network_service,yes,,Localized network reception/coverage complaint for a specific area (Palo Alto); safe for an automated general reply providing basic coverage guidance and troubleshooting options.,complete,auto_handle,other,escalate,Please send us a DM so we can help.
golden-057,316971,@115911 Your site is already down. Nice.,other,yes,,"Sarcastic complaint about website availability/outage during a high-traffic event (e.g., pre-orders); safe for an automated general response acknowledging site status or providing troubleshooting steps.",complete,auto_handle,other,escalate,Please send us a DM so we can help.
golden-058,325996,"I really could have used my Digits number this morning, but I'm still fucked up by your mistake @115911. Y'all need to str8n out this shit!",plan_features_promotions,no,"The issue stems from an unresolved backend configuration error with a specific user's DIGITS feature line, requiring account access and human troubleshooting.","DIGITS falls under plan features/services. The user explicitly references an uncorrected account error (""your mistake""), making automated handling unsafe.",complete,escalate,other,escalate,Please send us a DM so we can help.
golden-059,332157,@115911 Website says backordered. Do you think I should wait and pick up in store. Not really interested in the pre order bonus,order_shipping,yes,,General purchasing inquiry regarding backorder status vs. in-store availability; safe for an automated public response explaining general stock policies and store pickup guidance.,complete,auto_handle,other,escalate,Please send us a DM so we can help.
golden-060,333744,"@TMobileHelp Good afternoon. May I speak with Amy Evins, please? Thanks.",support_follow_up,no,"Customer is requesting to speak directly with a specific individual/representative, requiring human triage or routed support.",Direct request for a named support representative or executive team member; safe handling requires human routing.,complete,escalate,other,escalate,Please send us a DM so we can help.
golden-061,337870,@TMobileHelp I don’t know why the service is not working I’m going to call the store,network_service,yes,,General complaint regarding non-working service without specific account details; safe for an automated public response offering quick troubleshooting steps or location support before they call/visit the store.,complete,auto_handle,other,escalate,Please send us a DM so we can help.
golden-062,344215,"@115913 @115911 Would love T-Mobile, no store in Bemidji,Mn. Can you help me open one? What do I do to get T-Mobile?",plan_features_promotions,yes,,"Customer is expressing interest in becoming a customer/opening a local store in Bemidji, MN; safe for an automated reply explaining how to switch/order online and sharing general info on store expansion requests or authorized retailer applications.",complete,auto_handle,other,escalate,Please send us a DM so we can help.
golden-063,344224,@115913 @115911 T-Mobile has roaming arrangements with a number of national and regional mobile network operators including AT&amp;T Mobility. Right.? T-Mobil.?,network_service,yes,,General factual inquiry asking for confirmation of roaming partner arrangements (such as with AT&T Mobility); safe for an automated public response clarifying general roaming policies and domestic network partner capabilities.,complete,auto_handle,other,escalate,Please send us a DM so we can help.
golden-064,346804,@TMobileHelp @115913 Sent!,support_follow_up,no,"Customer explicitly confirms they have sent a requested message or requested details via Direct Message, requiring a human agent to review the DM.",Explicit confirmation of direct message transfer; must escalate to human/DM workflow.,complete,escalate,other,escalate,Please send us a DM so we can help.
golden-065,353336,"@TMobileHelp 
One of your reps told my wife it was possible to read and delete text messages just by being the account holder. #iampissed",account_security,yes,,The customer is expressing frustration over misinformation provided by a rep regarding account privacy capabilities (reading/deleting another user's text messages); safe for an automated public response clarifying standard privacy policies and account privileges without requiring private account access.,complete,auto_handle,other,escalate,Please send us a DM so we can help.
golden-066,354169,@TMobileHelp can I get jump on demand pricing for a 64gb space grey iphone x,plan_features_promotions,yes,,The customer is asking a general pricing inquiry about JUMP! On Demand lease terms for a specific phone model (64GB Space Gray iPhone X); safe for an automated reply providing general JOD pricing structure details.,complete,auto_handle,other,escalate,Please send us a DM so we can help.
golden-067,365395,@115911 Now I’m stuck with a phone I don’t need and I’m still paying for it,account_security,no,"The customer is expressing frustration over an unwanted equipment installment plan/lease on their account (""stuck with a phone I don't need""), which requires direct account verification, return eligibility checks, or financial adjustment by a human agent.",Specific billing/device agreement dispute that requires private account access to inspect equipment installment plans (EIP) or process returns.,complete,escalate,other,escalate,Please send us a DM so we can help.
golden-068,367649,@TMobileHelp I HAVE SENT A DM YOU DENSE FUCKS!,support_follow_up,no,"Customer explicitly states they sent a Direct Message and is using extreme profanity/agitation, requiring direct human intervention to locate the DM and de-escalate.",Explicit confirmation of an unhandled direct message paired with severe customer frustration.,complete,escalate,other,escalate,Please send us a DM so we can help.
golden-069,370121,@115913 Just had the worst customer service experience. No more loyalty department! It was the best about T-Mobile. Sad.,support_follow_up,no,"Customer is reporting a negative service experience and dissatisfaction with policy/department changes (""no more loyalty department""), requiring a human representative to offer retention support and address the complaint.",High customer churn risk and dissatisfaction feedback following a poor customer service interaction.,complete,escalate,other,escalate,Please send us a DM so we can help.
golden-070,375936,@115911 But the phone worked well for 2 months snd my buddy purchase the watchphone from you but no is not good? Why do I have to get one from you,device_upgrade_unlock,yes,,The customer is expressing general confusion and questioning device/smartwatch compatibility and purchase policies; safe for an automated public response clarifying general device compatibility (BYOD policy) and smartwatch connectivity options.,complete,auto_handle,other,escalate,Please send us a DM so we can help.
golden-071,390948,"@TMobileHelp so your savvy techs aren't working on the problem, it's just not compatible?  I have been told diff in the past few hours.
Whats up with 7?",device_upgrade_unlock,no,"Customer is reporting contradictory technical advice regarding device compatibility and an ongoing technical issue (""savvy techs aren't working on the problem""), which requires a human support rep to review previous interaction notes and verify device specifications.",Technical device/software compatibility issue involving conflicting statements from previous support interactions.,complete,escalate,other,escalate,Please send us a DM so we can help.
golden-072,392002,@115714 @sprintcare Upsetting to see its been 24 hrs &amp; no response! #sprintBillingIssues #sprint #badcustomerservice #7yearCustomer https://t.co/GDD3nXygLc,billing_payment,no,"Customer is reporting an unresolved 24-hour billing issue (#sprintBillingIssues) with high customer churn risk (""7yearCustomer"") and direct complaint about lack of response.",Explicit billing dispute with customer frustration over delayed support; requires a human agent to review the account and attached image context.,complete,escalate,other,escalate,Please send us a DM so we can help.
golden-073,397519,@TMobileHelp I havent received service since hurricane Maria😫,network_service,yes,,"The customer is reporting an extended service disruption resulting from a major natural disaster (Hurricane Maria); safe for an automated response sharing official network restoration updates, emergency relief resources, or checking local coverage recovery status without requiring account-specific credentials.",complete,auto_handle,other,escalate,Please send us a DM so we can help.
golden-074,403241,Do you have a plan to relieve the burden on users who updated to #iOS11? @VerizonSupport @117735 @sprintcare @TMobileHelp #ios11update,other,yes,,"The user is making a general public inquiry/complaint regarding carrier assistance for performance, signal, or battery issues related to the iOS 11 software update; safe for an automated reply providing standard troubleshooting steps (e.g., checking carrier settings updates, resetting network settings, or contacting Apple support).",complete,auto_handle,other,escalate,Please send us a DM so we can help.
golden-075,415268,@TMobileHelp hi I just messaged you my imei number been on hold for 17:15 mins,support_follow_up,no,"Customer explicitly states they have sent sensitive account/device information (IMEI number) via Direct Message after waiting on hold for over 17 minutes, requiring a human support representative to locate the DM and assist immediately.",Direct follow-up on an active support session involving sensitive device credentials (IMEI) provided in private messaging.,complete,escalate,other,escalate,Please send us a DM so we can help.
golden-076,415564,@TMobileHelp HELP! I have issues with my bill,billing_payment,no,"Customer is requesting direct assistance for unspecified billing issues, which requires private account access and financial verification by a human agent.",Standard billing dispute/inquiry requiring human escalation to review account charges securely via Direct Message.,complete,escalate,other,escalate,Please send us a DM so we can help.
golden-077,419518,@TMobileHelp @115725 I hear you’d pay off everything including my early termination fees and device payments,plan_features_promotions,yes,,"Customer is asking a general promotional question regarding carrier contract buyout policies (e.g., Early Termination Fee and device balance reimbursement); safe for an automated public response detailing standard switching contract payoff program requirements and conditions.",complete,auto_handle,other,escalate,Please send us a DM so we can help.
golden-078,428435,@TMobileHelp is Tmobile Tuesdays app not working? It restarted on mines with entering the code again and I cant play,plan_features_promotions,yes,,"Standard app verification/troubleshooting inquiry regarding T-Mobile Tuesdays session resets; safe for an automated public response outlining basic troubleshooting steps (e.g., verifying network connection/disabling VPN, re-entering the verification code, or clearing app cache/reinstalling).",complete,auto_handle,other,escalate,Please send us a DM so we can help.
golden-079,429303,"@115911 Please help me. I must be hacked. Can Lookout run on a phone not connected, when it has never been activated? Crisis situation. https://t.co/FWJicW3fel",other,no,"The customer is reporting an urgent security crisis (""I must be hacked"", ""Crisis situation"") and asking complex technical questions regarding unactivated device tracking/antivirus behavior, requiring human agent de-escalation, empathy, and specialized technical support.",High customer distress combined with security/privacy concerns requires human handling to address distress safely.,complete,escalate,other,escalate,Please send us a DM so we can help.
golden-080,435977,@115911 say fam why TF Im not receiving all my text messages,network_service,yes,,"Customer is reporting missing/dropped SMS text messages using strong casual language; safe for an automated reply providing standard SMS troubleshooting (checking shortcode settings, toggling Airplane mode, restarting device, checking network coverage/SIM settings).",complete,auto_handle,other,escalate,Please send us a DM so we can help.
golden-081,438303,@115911 whenever i connect to vpn on samsung s7 it restart the phone.,other,yes,,"The customer is reporting a specific device/software bug where enabling a VPN forces a system restart on a Samsung Galaxy S7; safe for an automated reply with standard VPN/Android system troubleshooting (clearing app cache/data, updating the VPN client, checking built-in vs. third-party VPN profile configurations, or resetting network settings).",complete,auto_handle,other,escalate,Please send us a DM so we can help.
golden-082,441123,@115911 I'm well qualified for the $0 down payment BUT I have to be a customer for 3 years. Which was said nowhere  #smh #iPhoneX #TMobile,plan_features_promotions,yes,,Customer is expressing frustration over tier qualifications for $0 down promotions (specifically the JUMP! On Demand / Smartphone Equality 3-year history requirement for iPhone X); safe for an automated reply explaining general promotional eligibility rules and tier requirements.,complete,auto_handle,other,escalate,Please send us a DM so we can help.
golden-083,446549,@115714 @115911 Maybe I should consider @115725 wireless instead!,plan_features_promotions,yes,,"Customer is tweeting a general competitive churn threat (""Maybe I should consider @115725 wireless instead!""); safe for an automated reply highlighting current switching incentives, network strengths, or asking what features/plans they are looking for without requiring immediate account access.",complete,auto_handle,other,escalate,Please send us a DM so we can help.
golden-084,449029,Y’all bout to have to fight me. Real shit. @TMobileHelp @115911,support_follow_up,no,"The customer is expressing extreme agitation and using aggressive/hostile language (""bout to have to fight me""), requiring immediate human de-escalation and review.",High agitation combined with potential threat language; strictly requires human escalation to de-escalate safely.,complete,escalate,other,escalate,Please send us a DM so we can help.
golden-085,450228,@115911 T-mobile has been good to me.  Help me fix my dang billing issues and I will love you forever.,billing_payment,no,"The customer is requesting direct assistance with account billing issues, which requires private account lookup, payment ledger inspection, and financial authorization by a human support representative.","Positive customer tone, but contains a direct request for account-specific billing intervention requiring private verification via Direct Message.",complete,escalate,other,escalate,Please send us a DM so we can help.
golden-086,451085,"@115911 My mobile phone is now unable to use any network except T-Mobile in other countries, which is very bothering me, so I beg you to help me. Thank you very much.😊",other,no,"Customer is requesting international roaming troubleshooting or SIM/carrier network unlock assistance while traveling abroad, which requires account verification and backend network settings check by a human agent.",Polite customer requesting account/device-level intervention for international carrier locking or roaming settings.,complete,escalate,other,escalate,Please send us a DM so we can help.
golden-087,459362,@TMobileHelp Any known problems with the Digits desktop app at the moment? It stopped receiving SMS and when I restarted it it couldn't find my lines.,other,yes,,"Customer is asking about a widespread service status issue (""Any known problems..."") regarding the T-Mobile DIGITS desktop app; safe for an automated reply confirming current service status/known outages or offering basic troubleshooting (re-logging, clearing cache, checking web version at digits.t-mobile.com).",complete,auto_handle,other,escalate,Please send us a DM so we can help.
golden-088,464617,@TMobileHelp You can set up my online account and handle any billing problems I have? Not trying to be difficult Joy but it’s the day to day operation that matters. Very challenging speaking with people who can’t/don’t help me and often hang up on me.,support_follow_up,no,"Customer is reporting severe service recovery issues, including repeated unhelpful calls and agents hanging up, while trying to set up an online account and resolve billing problems. Requires high-touch human escalation to rebuild trust and perform account setup.",High customer dissatisfaction regarding phone support quality paired with unresolved billing and account setup needs.,complete,escalate,other,escalate,Please send us a DM so we can help.
golden-089,466322,@TMobileHelp @115911 Spent 1 hr 4 dif people and they would not replace my sim kit that said activate by Aug 2018. Said it expired 30 days after they sent it. Floor supervisor says nothing he can do. I should spend $25 to buy a new one. I guess I'll stay with Big Red after all.,billing_payment,no,"Customer is expressing severe frustration over a SIM kit activation policy fee ($25), reports multiple failed phone interactions including a supervisor refusal, and explicitly threatens churn (""stay with Big Red after all""), requiring high-touch human escalation and potential fee waiver authorization to save the account.",High churn risk combined with supervisor escalation history and policy fee dispute.,complete,escalate,other,escalate,Please send us a DM so we can help.
golden-090,480141,"@TMobileHelp Hey, can the tourist plan be used in Hawaii?",plan_features_promotions,yes,,Simple coverage and plan usability question regarding domestic/US territory roaming inclusion for the T-Mobile Tourist/Visitor plan (Hawaii is covered under domestic US service). Safe for an automated reply confirming nationwide network coverage.,complete,auto_handle,other,escalate,Please send us a DM so we can help.
golden-091,492908,@115911 why the fuck is my 4 person bill $500,billing_payment,no,"Customer is expressing extreme frustration (profanity) regarding a surprisingly high bill amount ($500 for a 4-line account), which requires private account access, line item ledger inspection, and fee explanation/adjustment by a human representative.",High customer agitation paired with a direct account-level financial dispute.,complete,escalate,other,escalate,Please send us a DM so we can help.
golden-092,506289,Just switched to T-Mobile and don’t get service in my apartment... @115911 @TMobileHelp,network_service,yes,,"The customer is reporting indoor coverage issues immediately after switching carriers; safe for an automated reply offering standard indoor signal troubleshooting (e.g., enabling Wi-Fi Calling, checking local tower status, or requesting a CellSpot/coverage device).",complete,auto_handle,other,escalate,Please send us a DM so we can help.
golden-093,514505,"@115913 Baby It's Cold Outside

Verizon, get out of my way (but baby, it's cold outside)
Magenta's calling my name (but baby, it's cold outside)

Your prices have been (been hoping that you'd drop in)
So very bad (i'll charge you fees, so you can't leave.)

#12DaysOfMagenta",plan_features_promotions,yes,,The tweet is a playful promotional entry / holiday song parody targeting a switching campaign (#12DaysOfMagenta); safe for an automated engagement reply matching the fun marketing tone or thanking them for participating.,complete,auto_handle,other,escalate,Please send us a DM so we can help.
golden-094,520120,@115911 @TMobileHelp y’all are ugly,support_follow_up,yes,,"The tweet contains simple casual insult/trolling directed at the carrier handles without any underlying service issue, billing dispute, or actionable account request. Safe for an automated generic response or simple social media deflection/ignoring per standard social guidelines.",complete,auto_handle,other,escalate,Please send us a DM so we can help.
golden-095,520138,"@115913 @115911 Horrible experience at Chino Hills T-Mobile store. Cus Exp is like a bad overseas call centers. Wasted an hr and was skipped; no check in, they expect you to wait in line for rep. A mgr is not always working, so they can’t handle real issues.",other,no,"Customer is reporting a severe negative retail experience at a specific location (Chino Hills store), citing long wait times, lack of a check-in process, being skipped, and management absence, requiring human escalation for manager follow-up and formal feedback logging.",Specific store-level service failure and customer experience escalation.,complete,escalate,other,escalate,Please send us a DM so we can help.
golden-096,520142,@115911 @120492 @224456 you guys never paid my early termination fee from @ATT and they've ruined my credit with collections.,billing_payment,no,"Customer is reporting a severe credit score impact (""ruined my credit with collections"") caused by an unfulfilled Carrier Switch / Early Termination Fee reimbursement promise, requiring immediate human account verification, documentation review, and executive support handling.",High severity financial and credit implications linked to a failed promotional payout.,complete,escalate,other,escalate,Please send us a DM so we can help.
golden-097,521172,I'm fairly certain the latest firmware update for the @115911 @117159 Galaxy S6 broke the WiFi chip. I have to retoggle it on/off once a day now. Owned it since launch and never had to do this up until the update.,other,yes,,"The customer is describing a specific Wi-Fi toggling issue on a Samsung Galaxy S6 following a firmware update; safe for an automated public response offering standard post-update network troubleshooting steps (clearing system cache partition, resetting network settings, or forgetting and reconnecting to the Wi-Fi network).",complete,auto_handle,other,escalate,Please send us a DM so we can help.
golden-098,546214,"@TMobileHelp I can't login w/o pswd reset, but it wont reset...ugh!",other,yes,,"Customer is experiencing a standard self-service password reset loop/failure for their online account; safe for an automated public reply providing direct recovery links, web/browser troubleshooting (incognito mode, clearing cookies/cache), or alternative account pin verification steps.",complete,auto_handle,other,escalate,Please send us a DM so we can help.
golden-099,561475,@TMobileHelp Thanks Kellen!  Not real savvy about this...  &amp; I dont know what DM means. Help!,other,yes,,"The customer is expressing confusion about social media terminology (""I dont know what DM means"") while responding to an ongoing support interaction with an agent (""Kellen""); safe for an automated public reply explaining how to send a Direct Message (DM) to @TMobileHelp safely to continue their private support session.",complete,auto_handle,other,escalate,Please send us a DM so we can help.
golden-100,566524,@115913 So I want to switch to T-Mobile but I am stuck with Sprint. I tried to talk to one of your representatives and she told me that you guys will only take care of my early termination fees and device balance if I get a new device from T-Mobile. Sad 😞,plan_features_promotions,yes,,"Customer is asking about carrier switching/ETF payoff requirements (Specifically the Carrier Cutover / Carrier Freedom trade-in and purchase requirement when switching from Sprint); safe for an automated public response clarifying standard switching offer requirements (e.g., qualifying trade-in and device purchase rules) or pointing them to current switching promotions.",complete,auto_handle,other,escalate,Please send us a DM so we can help.
golden-101,570709,"@115913 Note: while recording, I decided to note use the word “plus” in the line “and plus when you give your old phone they’ll donate Times two!” Because I ran smoother without it. https://t.co/aLSGacq00R",plan_features_promotions,yes,,Customer is sharing creative feedback/personal recording notes related to a promotional campaign line (device donation promo); safe for an automated friendly engagement reply acknowledging their creative entry or promotional feedback.,complete,auto_handle,other,escalate,Please send us a DM so we can help.
golden-102,572284,"Right when I was about to buy the iPhone X, @TMobileHelp gets rid of the trade-in offer 😕",plan_features_promotions,yes,,"Customer is inquiring/expressing disappointment about an expired iPhone X trade-in promotion; safe for an automated reply clarifying current available trade-in deals, promotional eligibility, or offering to help find alternative active offers.",complete,auto_handle,other,escalate,Please send us a DM so we can help.
golden-103,573463,@TMobileHelp hey I can’t send pictures,other,yes,,"The customer is reporting an issue sending pictures (MMS); safe for an automated public response offering basic self-service MMS troubleshooting (checking cellular data settings, verifying APN settings, restarting the device, or testing with Wi-Fi toggled off).",complete,auto_handle,other,escalate,Please send us a DM so we can help.
golden-104,597691,@TMobileHelp Sorry can't dm atm.  The link doesn't seem to have nexus 6 at all.,device_upgrade_unlock,yes,,Customer is looking for support/compatibility information specifically for the Nexus 6 on a provided link; safe for an automated public response providing direct links to Nexus 6 support pages or specifications.,complete,auto_handle,other,escalate,Please send us a DM so we can help.
golden-105,602154,@115911 I need your help! How can I directly DM you?,support_follow_up,yes,,"The customer is asking for basic instructions on how to initiate a direct message (DM) to social media support; safe for an automated reply providing the direct link (e.g., twitter.com/messages/compose) or explaining how to tap the envelope icon to send a DM.",complete,auto_handle,other,escalate,Please send us a DM so we can help.
golden-106,610654,@160324 @TMobileHelp Turn off AssistiveTouch,network_service,yes,,"Customer is asking how to turn off the AssistiveTouch accessibility feature on their device; safe for an automated public response providing step-by-step instructions (e.g., Settings > Accessibility > Touch > AssistiveTouch).",complete,auto_handle,other,escalate,Please send us a DM so we can help.
golden-107,623440,@115913 @65818 @115911 How about discounts for existing customers John?,plan_features_promotions,yes,,"Customer is asking about available discounts or loyalty promotions for existing accounts (tagging leadership/brand handles); safe for an automated public response highlighting current existing customer promotions (e.g., Magenta Friday/T-Mobile Tuesdays, free line promos, or account review links).",complete,auto_handle,other,escalate,Please send us a DM so we can help.
golden-108,623561,"@117540 @115911 Hmm this image is""Pixelated"" lol",plan_features_promotions,yes,,Lighthearted/playful social post poking fun at a pixelated image (likely related to a Google Pixel device promo or marketing image). Safe for automated social engagement/reply matching the playful tone.,complete,auto_handle,other,escalate,Please send us a DM so we can help.
golden-109,623898,"Waited patiently to get a phone, just to find out that your systems are down! Couldn't pay for my phone 😡 thanks @115911",support_follow_up,no,"Customer experienced an in-store POS system outage that prevented them from buying a phone after waiting, causing high frustration. Requires human escalation to verify system/order status and complete the purchase.",Store operational outage mapped to support_follow_up due to missing store_experience category.,complete,escalate,other,escalate,Please send us a DM so we can help.
golden-110,624377,"Last night, was dinged for 10¢ on @115911 for no easily discernible reason. Now on hold to find out why….",billing_payment,no,"Customer is reporting an unexplained line-item charge on their bill (""dinged for 10¢"") and is actively on hold waiting for customer service, requiring a representative to access account ledger details and resolve the billing inquiry.","Minor financial discrepancy, but requires private account lookup and human intervention to review charges.",complete,escalate,other,escalate,Please send us a DM so we can help.
golden-111,624385,"@TMobileHelp Now I know for a fact that you guys are the best, whenever I can I'm totally gonna switch to T-Mobile again",plan_features_promotions,yes,,Positive customer feedback/brand advocacy expressing intent to switch back to the carrier; safe for an automated public response thanking the user and sharing current switching deals or welcome-back promotions.,complete,auto_handle,other,escalate,Please send us a DM so we can help.
golden-112,634384,@115911 @TMobileHelp By the way no one has responded to my DM. #FAIL #tmobilesucks,support_follow_up,no,"Customer is reporting an unhandled/unanswered Direct Message with negative sentiment (#FAIL #tmobilesucks), indicating a breakdown in ongoing support that requires a human agent to locate their pending DM and respond immediately.",Explicit follow-up on a delayed/unanswered support interaction.,complete,escalate,other,escalate,Please send us a DM so we can help.
golden-113,634395,"@115913 how come my mom can't get me a new phone eben thow we have t-mobile for years why is it just for the people who is know starting there plan!!!
Can you help a good kid out?",plan_features_promotions,yes,,"Customer is asking about promotional eligibility for existing customers versus new customer deals (specifically regarding a phone upgrade); safe for an automated public reply explaining existing customer upgrade options, trade-in promotions, or account review steps.",complete,auto_handle,other,escalate,Please send us a DM so we can help.
golden-114,636378,@TMobileHelp This happened again today! Four bars and LTE indicator. Totally unacceptable! 😡😡,network_service,no,"Customer is reporting a recurring network service issue (data stalling despite full signal/LTE bars) and expressing high frustration (""Totally unacceptable! 😡😡""). Requires human escalation to log network diagnostic details, check local cell tower status, and troubleshoot connection issues directly.","Classic ""data stall"" symptom where signal strength indicators do not reflect actual data throughput.",complete,escalate,other,escalate,Please send us a DM so we can help.
golden-115,641336,@TMobileHelp @115913 But no offset of cost?,billing_payment,yes,,"The customer is following up on a conversation asking if there is a cost offset, credit, or discount available. Safe for an automated reply explaining general billing credit policies, device trade-in offsets, or directing them to DM for specific account ledger reviews.",complete,auto_handle,other,escalate,Please send us a DM so we can help.
golden-116,644264,@272925 @TMobileHelp If you say so 💁🏽‍♂️,support_follow_up,yes,,"The customer is posting a brief, skeptical/playful follow-up reaction to a previous reply from support. Safe for an automated engagement reply (or auto-closing the ticket) as it contains no actionable issue, bill dispute, or explicit request for assistance.",complete,auto_handle,other,escalate,Please send us a DM so we can help.
golden-117,645468,@TMobileHelp I need help with answering a question on billing. I paid off most of my phones early but auto pay still deducted money for the installments.  What happens to that money?,billing_payment,no,"Customer is reporting an automated over-deduction following an early equipment payoff (EIP) and requires an account ledger review to trace where the funds were applied (e.g., account balance credit vs. pending refund).",Involves a specific account billing transaction dispute/inquiry requiring direct account access.,complete,escalate,other,escalate,Please send us a DM so we can help.
golden-118,664901,@TMobileHelp what's up with smartphone equality made my 12 payments on time but your system doesn't show I'm eligible,plan_features_promotions,no,"The customer claims to have met the eligibility criteria (12 consecutive on-time payments) for the ""Smartphone Equality"" program, but the system is failing to reflect their eligible status. Resolving this requires direct account access to inspect payment history dates, verify rate plan qualifications, and manually override or fix the account status flag.",Focuses on promotional eligibility and financing status tied to account payment history.,complete,escalate,other,escalate,Please send us a DM so we can help.
golden-119,676441,@115913 @115911 What's going to be in the black friday sale.,plan_features_promotions,yes,,"Customer is asking a general promotional inquiry about upcoming Black Friday sales/deals. Safe for an automated reply providing a link to the official deals landing page, general holiday promo info, or inviting them to sign up for promotional alerts.",complete,auto_handle,other,escalate,Please send us a DM so we can help.
golden-120,676446,@115913 @115911 Yeah probably returning everything I asked on at least 3 or 4 times they didn’t do that so I guess we go to small claims court Attorney has the suit ready just waiting for my go ahead sure is not my fault that service stinks here but rep said it would in writing go ahead Monday,billing_payment,no,"Customer is threatening legal action (""small claims court"", ""Attorney has the suit ready""), citing unfulfilled representative promises, repeated unaddressed requests, and poor service. Legal threats and formal dispute escalations strictly require immediate human agent/specialist routing.",High-risk escalation triggered by explicit legal threat and severe customer churn intent.,complete,escalate,other,escalate,Please send us a DM so we can help.
golden-121,677192,@115911 Just left one of your stores. Was told my iPhone 6 Plus wasn’t eligible for this $300 off promo,plan_features_promotions,yes,,"Customer is asking for clarification on promotional trade-in terms/eligibility for a specific device ($300 off promo for iPhone 6 Plus). Safe for an automated reply explaining trade-in requirements, device condition criteria, or providing a link to check promo eligibility rules.",complete,auto_handle,other,escalate,Please send us a DM so we can help.
golden-122,677194,@115911 Best my ass! My internet service sucks,network_service,no,"Customer is expressing strong dissatisfaction (""Best my ass!"", ""service sucks"") regarding poor internet service performance, requiring a human agent to log location details, run network diagnostics, and de-escalate customer frustration.",Expresses explicit negative sentiment and active service failure.,complete,escalate,other,escalate,Please send us a DM so we can help.
golden-123,677229,@115911 My iPhone X is having problems already 😒😒😒,network_service,no,"Customer is reporting technical issues with a newly acquired device (""having problems already"") along with negative sentiment. Requires a human representative to gather device diagnostic details, verify warranty/jump eligibility, and guide basic troubleshooting steps.",Early device failure/issues trigger direct customer care intervention.,complete,escalate,other,escalate,Please send us a DM so we can help.
golden-124,680107,@282273 @115911 U r paying me $118 for trade-in of a fully functional iPhone 6s whr as Apple is paying me $145 also honoring my employer discount. I just hoped that I can get a good price on the iPhone 8. 0 downpayment or EIP or JOD doesn’t matter to me. All I am looking at is the price of 8.0.,plan_features_promotions,yes,,"The customer is comparing trade-in valuations and promotional pricing (Apple trade-in quote vs. T-Mobile offer for an iPhone 6s toward an iPhone 8). Safe for an automated reply explaining trade-in price-matching policies, current promotional incentives, or providing a link to check estimated trade-in values.",complete,auto_handle,other,escalate,Please send us a DM so we can help.
golden-125,680915,"@115911 is so terrible 😑, how are you going to say unlimited is 10GB 😑. I used that in one day of being home.",plan_features_promotions,yes,,"Customer is confused about data plan terms (likely confusing high-speed mobile hotspot limits or de-prioritization thresholds with total plan data). Safe for an automated reply clarifying plan terms, explaining unlimited vs. hotspot data usage, and providing a link to check detailed account usage.",complete,auto_handle,other,escalate,Please send us a DM so we can help.
golden-126,698206,And now you want me to pay my phone off? Issa No @115911  y’all suck and I use to love the company.,billing_payment,no,"Customer is expressing strong dissatisfaction (""y'all suck"", ""Issa No"") regarding an early phone payoff requirement or billing balance demand. Requires a human agent to review account terms, explain payoff conditions/EIP status, and work on churn mitigation.",Explicit bill/payoff dispute combined with negative sentiment and brand loyalty decay.,complete,escalate,other,escalate,Please send us a DM so we can help.
golden-127,704095,@TMobileHelp 2 hour wait...no pictures are sending via SMS...,network_service,no,"Customer is reporting an active technical issue (MMS picture messaging failure) alongside long wait times (""2 hour wait""). Requires human escalation to investigate messaging settings, check APN/network status, and resolve the ongoing support delay.",Technical issue combined with operational wait-time complaint. MMS failure maps to network_service per standard logic.,complete,escalate,other,escalate,Please send us a DM so we can help.
golden-128,717299,@177355 @TMobileHelp why is my friend having such a hard time making his phone number the primary phone number on the account? Quikview makes it so simple...,plan_features_promotions,no,"The issue involves changing account access hierarchy (setting a primary account holder/number) on behalf of a third party (""my friend""), which requires verifying account ownership, checking profile permissions, and updating system account roles manually.","Mentions internal tool terminology (""Quikview""). Involves third-party account management complications.",complete,escalate,other,escalate,Please send us a DM so we can help.
golden-129,717675,"@115913 any kind of payment. Once again promised there wouldn’t be any charges and my bank info was removed. LIES, more and more lies",billing_payment,no,"Customer is reporting an unauthorized bank charge after being promised no fees would occur and their banking info had been removed (""LIES, more and more lies""). Severe trust breakdown regarding unauthorized financial transactions requires immediate human representative intervention to inspect payment history, issue refunds/credits, and verify billing security.",High-priority escalation driven by accusations of misrepresentation and unauthorized billing.,complete,escalate,other,escalate,Please send us a DM so we can help.
golden-130,721890,@TMobileHelp @115913 It's really a matter I feel he can give some insight on. I appreciate the quick reply.,support_follow_up,yes,,Polite customer response acknowledging a quick reply and explaining why they prefer specific leadership or representative insight. Safe for an automated engagement reply acknowledging their feedback or offering to facilitate the request.,complete,auto_handle,other,escalate,Please send us a DM so we can help.
golden-131,739946,"@TMobileHelp 
Do you still offer HotSpot-only plan for $39.99/month?",support_follow_up,yes,,Polite customer response acknowledging a quick reply and explaining why they prefer specific leadership or representative insight. Safe for an automated engagement reply acknowledging their feedback or offering to facilitate the request.,complete,auto_handle,other,escalate,Please send us a DM so we can help.
golden-132,744428,"@115913 Hey Mr. Legere, what’s the JOD pricing gonna be on iPhone X?",plan_features_promotions,yes,,"Customer is asking for device pricing under a specific program (Jump on Demand / JOD for the iPhone X). Safe for an automated reply providing the base monthly lease pricing, down payment requirements (if any), or linking to official device pricing pages.",complete,auto_handle,other,escalate,Please send us a DM so we can help.
golden-133,746166,@TMobileHelp @115911 @TMobileHelp day two of super slow speeds in CLE and customer rep stopped replying yesterday. Any reason why? https://t.co/7XOA3SODne,network_service,no,"Customer reports an ongoing multi-day local data outage/slowness (""day two of super slow speeds in CLE"") combined with an abandoned support conversation (""customer rep stopped replying yesterday""). Requires immediate human agent follow-up to check regional cell tower health in Cleveland (CLE) and re-engage the customer.",Combines service quality complaints with a support drop-off. Primary operational driver is network speed degrade with an attached diagnostic image link.,complete,escalate,other,escalate,Please send us a DM so we can help.
golden-134,746402,WTF @115911 ?? No hidden fees?? Then tell me how this adds up?? https://t.co/ecyOGo6XoS,billing_payment,no,"Customer is questioning itemized charges/fees on their bill, alleging misrepresentation (""No hidden fees?? Then tell me how this adds up??""), and providing a image of their statement. Resolving line-item billing discrepancies requires direct human intervention to access account details and explain specific charges or taxes.",Explicit bill breakdown dispute with attached media context.,complete,escalate,other,escalate,Please send us a DM so we can help.
golden-135,747949,Fuck you and your terrible service @115911,network_service,no,"Customer is using severe profanity (""Fuck you"") to express frustration over ""terrible service."" Requires human routing to evaluate whether to offer de-escalation support, gather service breakdown details, or handle per social media community guidelines for hostile language.",High-severity profanity and extreme negative sentiment without a specific diagnostic detail provided.,complete,escalate,other,escalate,Please send us a DM so we can help.
golden-136,753103,My phone sucks @115911,network_service,no,"The customer is expressing negative sentiment about their phone performance (""My phone sucks"") without giving specific troubleshooting details. Resolving this requires a human representative to determine whether the failure stems from device hardware issues or network signal issues, and offer troubleshooting or upgrade support.","Ambiguous whether ""phone"" refers to device malfunction or network performance; requires human clarification and diagnostic probing.",complete,escalate,other,escalate,Please send us a DM so we can help.
golden-137,768701,@TMobileHelp I need texting short codes enabled on my line,plan_features_promotions,no,"Disabling or enabling short-code blocking requires making line-level feature modifications directly on the customer's account, which requires authentication and system access by a customer support agent.",Specific account change request involving short-code messaging block removal.,complete,escalate,other,escalate,Please send us a DM so we can help.
golden-138,779038,"@TMobileHelp  It seems that your website is down? I’m unable to pay the bill at the moment, when will I be able to?",billing_payment,yes,,"Customer is asking about a website outage preventing bill payment. Safe for an automated response acknowledging known site maintenance, providing estimated uptime, or offering alternative payment channels (e.g., automated phone system, app, or short code payment options).",complete,auto_handle,other,escalate,Please send us a DM so we can help.
golden-139,779090,@TMobileHelp DMed you,support_follow_up,yes,,"Customer is simply notifying support that they sent a Direct Message (""DMed you""). Safe for an automated acknowledgment acknowledging receipt of the DM and letting them know a representative will reply in their inbox shortly.",complete,auto_handle,other,escalate,Please send us a DM so we can help.
golden-140,779092,"@115911 Wanted to add my SSN to my tmobile accnt, so i can enroll in apple upgrde prgrm. Denied request askd to cancel accnt 😳#CustomerExp",billing_payment,no,"Customer reports an extreme negative interaction with support, where requesting to add missing identity credentials (SSN) for an iPhone Upgrade Program resulted in a rep telling them to cancel their account (""Denied request askd to cancel accnt 😳#CustomerExp""). Severe customer service failure with active churn risk requires immediate high-tier human representative intervention.",Involves sensitive profile verification (SSN update) paired with acute escalation around representative misconduct and account cancellation.,complete,escalate,other,escalate,Please send us a DM so we can help.
golden-141,797713,"@115913 @115725 @ATT If I bring my phone to T Mobile and I don't get service at house, can I get a refund because I would have to go back to AT&amp;T",plan_features_promotions,yes,,"Prospective switcher asking about money-back guarantee/return policy terms if coverage at home is inadequate. Safe for an automated response outlining the standard trial period, return policy terms, or coverage test drive options.",complete,auto_handle,other,escalate,Please send us a DM so we can help.
golden-142,797739,@115913 @115725 @ATT Hey what do you have that @ATT doesn't? I've been with them for decades.,plan_features_promotions,yes,,"High-intent sales inquiry from a long-term competitor customer asking for key carrier differentiators. Safe for an automated reply highlighting core T-Mobile selling points (e.g., taxes and fees included, free international data/texting, T-Mobile Tuesdays, carrier freedom contract payoff offers) and providing a link to switch.",complete,auto_handle,other,escalate,Please send us a DM so we can help.
golden-143,803270,@TMobileHelp sent a dm to you,support_follow_up,yes,,"Customer is simply letting support know they have sent a Direct Message (""sent a dm to you""). Safe for an automated acknowledgment letting them know their inbox message has been received and a representative will follow up shortly.",complete,auto_handle,other,escalate,Please send us a DM so we can help.
golden-144,810995,"@115911 I have a perfectly working iPhone 7 Plus with no scratches or anything, 256gb... do I get the upgrade all for free or what?",plan_features_promotions,yes,,"Customer is asking about promotional trade-in value and trade-up conditions for a specific device (iPhone 7 Plus 256GB). Safe for an automated response detailing current trade-in promos, terms for ""free with trade-in"" offers, and a link to estimate trade-in value.",complete,auto_handle,other,escalate,Please send us a DM so we can help.
golden-145,812632,@TMobileHelp And they didn't know what to do either. Alls good ill figure it out,support_follow_up,no,"Customer expresses resignation and dissatisfaction (""they didn't know what to do either. Alls good ill figure it out"") after an unresolved support attempt. Requires human intervention to re-engage, regain trust, and proactively resolve the unresolved underlying issue before it leads to churn.","High risk of passive churn/churn sentiment despite the user saying ""alls good.""",complete,escalate,other,escalate,Please send us a DM so we can help.
golden-146,813051,@115913 is there any way to use a jump plan to get a google pixel. I know about the deal and the exclusivity on verizon.,plan_features_promotions,yes,,Customer is asking a general eligibility question about using their JUMP! upgrade benefit to purchase a Google Pixel device. Safe for an automated response explaining how JUMP! upgrades work for carrier-available devices and directing them to current inventory/upgrade eligibility options.,complete,auto_handle,other,escalate,Please send us a DM so we can help.
golden-147,817442,"@TMobileHelp - 12 month  consecutive on-time payment program (phone equality). I need a new phone asap, please help!",plan_features_promotions,no,"The customer is requesting an immediate device upgrade under the Phone Equality program (""12 month consecutive on-time payment program""). Verifying 12 consecutive months of on-time payment history and adjusting credit tier status for an urgent phone upgrade requires account authentication and direct backend system access by a customer service agent.",Specific eligibility check and account upgrade execution request.,complete,escalate,other,escalate,Please send us a DM so we can help.
golden-148,824240,@TMobileHelp I Actually Just Fixed This Thanks :),support_follow_up,yes,,"Customer is providing a positive follow-up stating that their issue is resolved (""I Actually Just Fixed This Thanks :)""). Safe for an automated response thanking the user and inviting them to reach out again if they need further assistance.",complete,auto_handle,other,escalate,Please send us a DM so we can help.
golden-149,826769,Don’t know what to do for the iPhone X! Switch to @115725 or @ATT? Or stick with @115911?? #decisions,plan_features_promotions,yes,,"Customer is publicly debating carrier options for acquiring an iPhone X. Safe for an automated engagement response highlighting current trade-in promotions, network benefits, or switching incentives to encourage staying with or joining the carrier.",complete,auto_handle,other,escalate,Please send us a DM so we can help.
golden-150,852714,"@TMobileHelp DM - I wish we had a different answer her for you, JT! We are always here to answer any questions and to help right fit you 
Now I see..",support_follow_up,yes,,"The customer appears to have copied and pasted an unsatisfactory response from a support representative (""I wish we had a different answer her for you... Now I see..""), indicating a failed resolution and ongoing customer disappointment. Re-engaging this user requires a human agent to review the previous interaction history, assess what option was missing, and attempt de-escalation.",complete,auto_handle,other,escalate,Please send us a DM so we can help.
golden-151,856876,@TMobileHelp @115913 Unless you credit me money there is nothing you can do,support_follow_up,no,"The customer explicitly demands a financial credit as the only acceptable resolution (""Unless you credit me money there is nothing you can do""). Reviewing account history, assessing credit eligibility, and applying financial adjustments require direct authorization and account access by a human customer service agent.",Expresses strong dissatisfaction with non-monetary solutions; clear demand for account adjustment/credit.,complete,escalate,other,escalate,Please send us a DM so we can help.
golden-152,860971,@115911 has to be the most annoying phone company ever🤦🏻‍♀️ get it together,network_service,no,"Customer is expressing severe frustration (""most annoying phone company ever🤦🏻‍♀️ get it together"") without providing specific operational context. A human representative is required to de-escalate, express empathy, and probe for the underlying issue (e.g., service outage, billing error, or customer support experience).",Pure negative sentiment/complaint; requires human outreach to gather diagnostic details.,complete,escalate,other,escalate,Please send us a DM so we can help.
golden-153,861746,@115913 We should be able to get unlimited data for a single user in a family plan if we wish too. Greedy company.,plan_features_promotions,yes,,Customer is voicing feedback regarding plan structure (wanting single-line unlimited data options within a shared/family plan framework). Safe for an automated acknowledgment thanking them for the feature feedback and providing info on current available single-line or mix-and-match data plan structures.,complete,auto_handle,other,escalate,Please send us a DM so we can help.
golden-154,870615,@TMobileHelp My #MagentaHero try the best. With no results.,support_follow_up,no,"Customer acknowledges the representative's effort (""My #MagentaHero try the best"") but explicitly states the underlying issue remains unresolved (""With no results""). Failed resolution paired with representative praise requires human supervisor/specialist intervention to pick up the case and resolve the technical or account blocker.",High risk of passive churn despite warm sentiment toward the agent.,complete,escalate,other,escalate,Please send us a DM so we can help.
golden-155,875271,I pay 120 a month for garbage fucking service @115911,network_service,no,"High negative sentiment featuring explicit profanity and severe dissatisfaction regarding service quality vs. cost (""pay 120 a month for garbage fucking service""). High churn risk requiring human agent de-escalation, empathy, and technical/account troubleshooting.",Combines service degradation complaints with billing frustration; explicit language triggers mandatory human routing.,complete,escalate,other,escalate,Please send us a DM so we can help.
golden-156,875546,@TMobileHelp Thank you Keith.  Will do.,support_follow_up,yes,,"Customer is expressing gratitude and closing out an interaction with a specific support representative (""Thank you Keith. Will do.""). Safe for an automated response acknowledging the thanks or closing out the ticket thread.",complete,auto_handle,other,escalate,Please send us a DM so we can help.
golden-157,876743,"@TMobileHelp Hey, thanks for the reply. Currently at Willowbrook mall, Houston Tx.",network_service,yes,,"Customer is providing precise location info (""Willowbrook mall, Houston Tx"") requested by support to check area coverage/outages. Safe for an automated response acknowledging the location details and checking network status tools for that sector.",complete,auto_handle,other,escalate,Please send us a DM so we can help.
golden-158,878152,@TMobileHelp been a customer of Tmobile to Kong’s to have to be without a phone for 3days while @14799  gets it together,other,no,"Customer reports a severe multi-day service disruption (""without a phone for 3days"") while waiting on an order/replacement fulfillment issue (""while @14799 gets it together""), highlighting their long-term loyalty (""been a customer of Tmobile [too long]""). Requires direct human agent intervention to track the order, expedite fulfillment, and offer appropriate account credits.","High churn risk stemming from delayed device delivery/replacement paired with brand loyalty frustration. Typo in text (""to Kong's"" -> ""too long"").",complete,escalate,other,escalate,Please send us a DM so we can help.
golden-159,880346,@115913 @115911 Also why even have store fronts? Was told couldn't do jump on demand in store and that I can only do that over the phone.,plan_features_promotions,no,"Customer expresses frustration over receiving conflicting or restrictive store policy guidance (""Was told couldn't do jump on demand in store and that I can only do that over the phone""). Resolving customer confusion regarding in-store vs. care channel capabilities, verifying account JOD eligibility, and facilitating their upgrade requires human agent intervention to clarify store policy or assist with ordering directly.",Highlights retail channel friction and potential misdirection by store representatives.,complete,escalate,other,escalate,Please send us a DM so we can help.
golden-160,880467,@115913 Since you and @793-Mobile want me to pay my bill again I would like for an extension where we can separate it into payments.,billing_payment,no,"Customer is requesting a custom payment arrangement/extension to split a bill into installment payments. Processing extended payment arrangements requires account authentication, checking payment history eligibility, and committing formal payment schedule terms in the billing backend by a human customer service agent.",Explicit financial/billing assistance request with specific arrangement parameters.,complete,escalate,other,escalate,Please send us a DM so we can help.
golden-161,883611,"@115911 Yeah, being patient for months after announcement for a release date and having you botch the release is exactly what kills one's excitement",other,no,"Customer expresses strong frustration over a botched device launch/release date rollout (""being patient for months... botch the release is exactly what kills one's excitement""). Human agent intervention is required to address the inventory/order status, de-escalate customer disappointment, and explore potential resolution options (such as order tracking, alternative stock availability, or account consideration).",High sentiment risk tied to launch day expectations and order execution.,complete,escalate,other,escalate,Please send us a DM so we can help.
golden-162,889933,@TMobileHelp Maybe one of the other carriers will be better when i shop around tomorrow.,support_follow_up,no,"The customer explicitly threatens carrier switching (""Maybe one of the other carriers will be better when i shop around tomorrow""). High churn risk requiring immediate human retention intervention to assess grievances, offer tailored plan incentives, or resolve pending issues before cancellation occurs.",Direct churn intent signaling active comparison shopping.,complete,escalate,other,escalate,Please send us a DM so we can help.
golden-163,892482,"@TMobileHelp What I need is to use the ""non conparable"" watch ibhave to work.   Does an unblock phone work with t mobile?",other,yes,,"Customer is asking a general technical compatibility question about whether unlocked devices (specifically a smartwatch/phone) work on the network (""Does an unblock phone work with t mobile?""). Safe for an automated response explaining standard unlocked device compatibility (GSM/LTE/5G band support) and providing the BYOD (Bring Your Own Device) IMEI check link.",complete,auto_handle,other,escalate,Please send us a DM so we can help.
golden-164,894087,"@TMobileHelp Chaney did you see my lifelong acct as,a loyal customer? What is DM? I HAVE NO CARRIER ANY LONGER",support_follow_up,no,"High emergency churn risk and complete service outage (""I HAVE NO CARRIER ANY LONGER"") combined with customer distress and confusion regarding support channels (""What is DM?""). The customer highlights their long-term loyalty (""lifelong acct as a loyal customer""), requiring an immediate, empathetic human agent to guide them through private messaging and restore their service or account status.",All-caps text indicating high emotional distress; loss of service requires urgent manual account lookup.,complete,escalate,other,escalate,Please send us a DM so we can help.
golden-165,899031,@126177 @115911 @115913 JOD pricing please,plan_features_promotions,yes,,"Customer is requesting general pricing information for the Jump! On Demand (JOD) upgrade program (""JOD pricing please""). Safe for an automated response providing current JOD pricing tier guidelines or directing them to the standard device lease/upgrade catalog link.",complete,auto_handle,other,escalate,Please send us a DM so we can help.
golden-166,899749,"@115913 hey boss - your T-Mobile network is great, but it really sucks at the moments in #longbeach at the #TwitchCon17 - please fix! ❤️",network_service,yes,,"Customer is providing constructive network coverage feedback during a high-density event (#TwitchCon17 in Long Beach) while maintaining positive brand affinity (""your T-Mobile network is great, but...""). Safe for an automated acknowledgment thanking them for highlighting the localized congestion and logging the event location for network monitoring.",complete,auto_handle,other,escalate,Please send us a DM so we can help.
golden-167,899820,@TMobileHelp @115913 Call me now,support_follow_up,no,"Customer explicitly demands an immediate outbound phone call (""Call me now""). Automated bots cannot initiate outbound phone contacts or authenticate accounts via open public tweets. A human customer care agent is required to securely move the interaction to direct message (DM), gather account details/phone number, and arrange an outbound call.",Direct command for immediate representative contact.,complete,escalate,other,escalate,Please send us a DM so we can help.
golden-168,906786,@115911 https://t.co/hToP0Cpe6N,other,no,"The tweet consists solely of a short URL ([https://t.co/hToP0Cpe6N](https://t.co/hToP0Cpe6N)) directed at the carrier handle without any accompanying text. A human representative must review the target URL/media attachment to determine the customer's intent, assess potential account issues or media evidence, and respond accordingly.",Pure URL submission; context cannot be determined without opening the link.,complete,escalate,other,escalate,Please send us a DM so we can help.
golden-169,925226,@TMobileHelp @339558 @115913 My daughter's boyfriend bought both of them T-Mobile phones then they moved to this area couldn't get a dial tone couldn't get Jack,network_service,no,"Customer reports a complete inability to access network services (""couldn't get a dial tone couldn't get Jack"") after relocating to a new area with multiple lines. A human representative is required to investigate area coverage maps, troubleshoot tower connectivity, and determine if line transfers, signal boosters, or plan modifications/cancellations are necessary.",Account inquiry initiated by a third party (parent on behalf of family members); high risk of cancellation due to total lack of service in the new location.,complete,escalate,other,escalate,Please send us a DM so we can help.
golden-170,929490,@115913 @115911 @11327 @6884 @TMobileHelp Heck yeah. 👍👍thank you,other,yes,,"Positive customer sentiment expressing gratitude (""Heck yeah. 👍👍thank you""). Safe for an automated response acknowledging the positive feedback or closing out the interaction thread.",complete,auto_handle,other,escalate,Please send us a DM so we can help.
golden-171,934174,@115913 @115911 @128832 @117118 @TMobileHelp OMG YES!!!!!! I ♥️ @115911,support_follow_up,yes,,"Pure high-energy positive sentiment and brand advocacy (""OMG YES!!!!!! I ♥️ @115911""). Safe for an automated engagement response expressing appreciation for the customer's love and loyalty.",complete,auto_handle,other,escalate,Please send us a DM so we can help.
golden-172,934805,@tmobilehelp Horrible made 1 payment and you charge my account twice and now I have to dispute it.,billing_payment,no,"Customer experiences a duplicate payment charge (""made 1 payment and you charge my account twice"") and explicitly mentions initiating a bank dispute (""now I have to dispute it""). Financial errors involving active payment disputes require immediate human billing specialist intervention to review account transaction history, issue immediate refunds, and avoid bank chargeback fees or account suspensions.",Severe dissatisfaction regarding financial accuracy; active dispute threat requires urgent care routing.,complete,escalate,other,escalate,Please send us a DM so we can help.
golden-173,943022,@TMobileHelp will you pay for the service every day that I can't switch to a different carrier cuz you won't unlock my paid off devices?,billing_payment,no,"The customer explicitly threatens carrier switching (""switch to a different carrier"") due to frustration over paid-off devices remaining locked (""cuz you won't unlock my paid off devices""), alongside demanding billing compensation (""will you pay for the service every day""). Unlocking paid-off devices requires manual account authentication, eligibility verification in the system backend, and active retention intervention to address churn risk.",High churn risk paired with a formal device unlock request and compensation demand.,complete,escalate,other,escalate,Please send us a DM so we can help.
golden-174,948112,@TMobileHelp Swtchd 2 u bc I travel &amp; so far data has been throttled beyond use evry plce I go! Theres bad ⛈🌀 comin n I cant load nethng wth,network_service,no,"The customer is experiencing severe data throttling while traveling, exacerbated by an imminent safety concern (""Theres bad ⛈🌀 comin n I cant load nethng wth""). Network degradation combined with severe weather/emergency situations requires immediate human escalation to inspect network throttling policies, troubleshoot connection issues, or restore data access for safety.","High urgency due to active storm warning; heavy use of abbreviations (""Swtchd 2 u"", ""⛈🌀 comin"").",complete,escalate,other,escalate,Please send us a DM so we can help.
golden-175,948615,@344966 @115911 @TMobileHelp Damn dude that sucks. I hope they take care of it.,support_follow_up,yes,,"The tweet is a third-party peer-to-peer comment expressing sympathy to another user (""Damn dude that sucks. I hope they take care of it."") while tagging the carrier. Safe for automated tracking or standard brand engagement without requiring account intervention.",complete,auto_handle,other,escalate,Please send us a DM so we can help.
golden-176,948658,@115911 would have it if yall didnt lie about having it and kept cancelling the card @115911. your fucking trash,billing_payment,no,"High customer hostility and severe dissatisfaction (""your fucking trash"") regarding canceled payment cards or orders and alleged misinformation (""lie about having it and kept cancelling the card""). Requires direct human customer care intervention to inspect account billing/order history, address payment authorization issues, and attempt de-escalation.","Explicit language, hostile sentiment, and high churn risk linked to transactional failures.",complete,escalate,other,escalate,Please send us a DM so we can help.
golden-177,953708,@115911 Can you return a phone bought online from T mobile to a local T mobile store to get a refund? Thanks,other,yes,,"Customer is asking a clear policy question regarding returning online purchases to a physical retail store for a refund (""Can you return a phone bought online from T mobile to a local T mobile store to get a refund?""). Safe for an automated response explaining standard return policies, return windows, and restocking fee guidelines.",complete,auto_handle,other,escalate,Please send us a DM so we can help.
golden-178,953760,@115911 so ur blowing me off...once again...no longer thinking about the people...trying to turn slick/bad...ill take a contract any day to ur deceptive fleecing...and worse in reality contract...shame!!,support_follow_up,no,"The customer expresses severe dissatisfaction and churn intent (""no longer thinking about the people... ill take a contract any day to ur deceptive fleecing"") while feeling ignored by support (""so ur blowing me off...once again""). Re-engaging a hostile, high-churn-risk customer who feels ignored requires empathetic human intervention to address their underlying service/billing grievance and attempt retention.",High sentiment risk with implicit threat to switch to a competitor offering contracts.,complete,escalate,other,escalate,Please send us a DM so we can help.
golden-179,953911,"@TMobileHelp Could you help me to fix this , until a week back i have good data and signals but now after that update i have the issues which i don't want to keep with me for ever. can you get me out of this issue.",network_service,no,"Customer is experiencing network performance degradation and lost signal following a recent device/system update (""after that update i have the issues""). Resolving software-update-related network bugs requires manual troubleshooting, resetting network settings, verifying APN configurations, or provisioning network profiles on the backend by a human specialist.",Clear timeline trigger tied to a specific software update affecting data and coverage stability.,complete,escalate,other,escalate,Please send us a DM so we can help.
golden-180,960851,@TMobileHelp Sent it to you like an hour ago...,support_follow_up,no,"Customer is following up on an unresolved interaction or direct message sent an hour ago (""Sent it to you like an hour ago...""). Follow-ups on active service requests require a human agent to locate the ongoing ticket/DM thread, review previous communication history, and provide an updated status response.",Time-sensitive status inquiry following up on delayed support response.,complete,escalate,other,escalate,Please send us a DM so we can help.
golden-181,961275,@TMobileHelp @115913 DM sent,support_follow_up,no,"Customer is confirming that they have sent a Direct Message (""DM sent"") in response to a support conversation. A human support agent needs to monitor the private inbox, cross-reference the tweet with the incoming DM, and continue the direct messaging interaction to resolve the user's issue.",Routine routing notification confirming private message delivery.,complete,escalate,other,escalate,Please send us a DM so we can help.
golden-182,964558,"@115913 tweeted on another issue;told friends I switched,replies that iPhone X won't be usable on T-Mobile's network. Am I moving back?",network_service,no,"Customer explicitly questions remaining with the carrier (""Am I moving back?"") due to concerns regarding a high-profile device's network compatibility (""replies that iPhone X won't be usable on T-Mobile's network""). High churn risk following a recent carrier switch requires direct human intervention to address network capability concerns, verify LTE/band compatibility, and reassure the customer to prevent immediate cancellation.",Active carrier-switching consideration driven by peer feedback regarding new flagship hardware support.,complete,escalate,other,escalate,Please send us a DM so we can help.
golden-183,969999,@TMobileHelp is anyone around at this hour to help me?,support_follow_up,no,"Customer is reaching out after hours inquiring about live agent availability (""is anyone around at this hour to help me?""). Routing to a human agent is required so a live representative can immediately respond, authenticate the account, and assist with their underlying issue.",Simple availability check initiating a real-time support request.,complete,escalate,other,escalate,Please send us a DM so we can help.
golden-184,974587,@115911 none of your stores have them smh,other,yes,,"Customer expresses mild frustration over out-of-stock items across local retail locations (""none of your stores have them smh""). Safe for an automated response offering options to check online stock, place an online order with shipping, or locate nearby retail inventory.",complete,auto_handle,other,escalate,Please send us a DM so we can help.
golden-185,975901,@TMobileHelp Bot,other,no,"Customer explicitly identifies or calls out the automated interaction (""Bot""), indicating frustration with automated responses or demanding real human assistance. Continuing with an automated reply risks increasing customer friction, so immediate transfer to a human support agent is required.",Single-word callout signaling dissatisfaction with bot handling.,complete,escalate,other,escalate,Please send us a DM so we can help.
golden-186,978708,@115913 @115913 how long do we wait for good service?  We never get it from your company!,network_service,no,"The customer expresses chronic dissatisfaction regarding ongoing poor network connectivity (""how long do we wait for good service? We never get it from your company!""). Persistent service quality complaints combined with churn risk require direct human care intervention to investigate coverage logs, troubleshoot network issues, and mitigate subscriber loss.",Frustrated tone focused on long-term service unreliability; high risk of customer defection.,complete,escalate,other,escalate,Please send us a DM so we can help.
golden-187,984044,@TMobileHelp now I can’t get insurance or use the features T-Mobile offers because I was never told about them or offered them not happy https://t.co/DJxqqflswO,billing_payment,no,"Customer reports missed enrollment windows for device protection/insurance and feature access due to alleged sales agent omission (""now I can’t get insurance or use the features T-Mobile offers because I was never told about them... not happy""), accompanied by an external media link. Human intervention is required to inspect account history, review rep onboarding logs, evaluate exceptions for late insurance enrollment, and address customer dissatisfaction.",High customer friction regarding missed add-on benefits; includes a URL media link requiring review.,complete,escalate,other,escalate,Please send us a DM so we can help.
golden-188,994765,@115911 @355635 What the fuck t mobile just charged my credit card 800 dollars out of nowhere,billing_payment,no,"High customer hostility combined with a massive unauthorized charge alert (""charged my credit card 800 dollars out of nowhere""). Large unexpected charges present an immediate financial emergency, severe churn risk, and potential fraud or billing system errors that require an urgent human billing specialist to inspect transactions and process refunds.",Explicit language and severe financial distress; high priority for immediate human escalation.,complete,escalate,other,escalate,Please send us a DM so we can help.
golden-189,995386,@TMobileHelp   UNABLE TO PAY BILL ONLINE.SAYS TO ENTER VALID CARD # . EVERYTHING SUCKS WITH @115911 😡😡,billing_payment,no,"Customer is encountering an active payment portal error (""UNABLE TO PAY BILL ONLINE.SAYS TO ENTER VALID CARD #"") preventing bill settlement, expressed with high frustration and all-caps hostility (""EVERYTHING SUCKS WITH @115911 😡😡""). Human agent intervention is required to authenticate the account, verify card payment processing errors, and securely assist in taking the payment to avoid service interruption or late fees.",System error blocking bill payment paired with strong negative sentiment.,complete,escalate,other,escalate,Please send us a DM so we can help.
golden-190,1001504,@TMobileHelp you might need to update your website. This store doesn’t open until 11am. Drove 20 minutes out of my way... https://t.co/lhINH6CuEb,other,no,"Customer reports inaccurate store operating hours listed on the website (""update your website. This store doesn’t open until 11am"") resulting in a wasted 20-minute trip, accompanied by media proof (""https://t.co/lhINH6CuEb""). Human intervention is required to review customer feedback, report accurate store operating hours for directory updates, and handle customer recovery for the inconvenience caused.",Includes an attached photo/link of the store front/hours; potential Google Business Profile or web directory discrepancy needing correction.,complete,escalate,other,escalate,Please send us a DM so we can help.
golden-191,1001512,@115911 fuck y’all for cutting off my data,network_service,no,"High customer hostility (""fuck y’all"") directly tied to a data service disconnection (""cutting off my data""). Resolving data suspensions—whether caused by data cap limits, billing delinquency, or technical line blockages—requires direct human agent verification, account status checks, and immediate de-escalation.",Explicit profanity combined with active loss of mobile data connectivity.,complete,escalate,other,escalate,Please send us a DM so we can help.
golden-192,1013293,@TMobileHelp just did!,support_follow_up,no,"The customer is confirming completion of a requested action (such as sending a Direct Message or providing requested verification details) following up on an ongoing support conversation (""just did!""). A human representative needs to cross-reference the customer's account/DM thread to review the provided information and proceed with resolving their request.",Contextual follow-up phrase confirming compliance with a previous agent instruction.,complete,escalate,other,escalate,Please send us a DM so we can help.
golden-193,1015384,@TMobileHelp you people ROCK https://t.co/64j71B6vmk,support_follow_up,yes,,"The tweet contains strong positive sentiment praising customer support (""you people ROCK"") alongside a media link (likely a screenshot of resolved assistance). Safe for automated brand engagement, positive reinforcement, or automated thank-you responses without requiring live agent escalation.",complete,auto_handle,other,escalate,Please send us a DM so we can help.
golden-194,1023246,"Waiting at @115911 
🖕@115714 https://t.co/Z82fSaEFex",support_follow_up,no,"High customer hostility expressed via explicit middle finger emoji (""🖕"") while waiting in-store or for support, accompanied by a media link (""https://t.co/Z82fSaEFex""). Severe negative sentiment and active store wait-time frustration require human customer care oversight to review the situation, check retail/support wait times, and attempt de-escalation.",Profane emoji usage indicating extreme frustration during an active wait; includes a media attachment requiring agent review.,complete,escalate,other,escalate,Please send us a DM so we can help.
golden-195,1023366,@TMobileHelp  I have Simple Choice plan with 4 lines. Can I still apply for UNLEASH #Pixel2 offer to receive master card for $325 ?,other,yes,,"The customer is asking a specific policy and eligibility question regarding applying a promotional rebate offer (""UNLEASH #Pixel2 offer to receive master card for $325"") to their existing legacy plan structure (""Simple Choice plan with 4 lines""). Safe for an automated response providing standard promotional terms and eligibility requirements for line/plan qualifications.",complete,auto_handle,other,escalate,Please send us a DM so we can help.
golden-196,1026453,@115913 need someone to contact me since @TMobileHelp is no help -at all...,support_follow_up,no,"The customer explicitly states that automated/standard support was unhelpful (""since @TMobileHelp is no help -at all..."") and demands direct contact from a representative (""need someone to contact me""). Re-engaging a dissatisfied customer who feels failed by standard support channels requires immediate human agent intervention to prevent further escalation or churn.",Explicit request for human outreach following failed self-service/support attempts.,complete,escalate,other,escalate,Please send us a DM so we can help.
golden-197,1030243,"https://t.co/VXRvupxznM
@TMobileHelp ???was last month or year or this year .",billing_payment,no,"The customer shares an external media/image link (""https://t.co/VXRvupxznM"") asking for clarification on promotional or billing dates (""was last month or year or this year .""). Resolving this requires a human agent to inspect the linked image/document, examine the user's account history for matching charges or promotion windows, and provide clear timeline clarification.",Requires visual media inspection and date context lookup.,complete,escalate,other,escalate,Please send us a DM so we can help.
golden-198,1036023,"@TMobileHelp Just received new phone (Iphone 6s), and need to transfer my phone# to the new sim card. Old phone is a Iphone 4s. Help!",other,yes,,"Standard device setup and number transfer request between devices (iPhone 4s to iPhone 6s). Safe for automated self-service handling by providing guided steps for online SIM swap, SIM activation via account portal, or moving existing line credentials.",complete,auto_handle,other,escalate,Please send us a DM so we can help.
golden-199,1036027,"@115911 @TMobileHelp @115913 Called numerous times to get corrected. ""we'll. Heck the warehouse"" @TMobileHelp figured out I was given wrong label and it went to warranty",billing_payment,no,"Customer reports a misrouted return/trade-in device sent to the warranty department instead of the proper warehouse due to an incorrect shipping label provided by support (""figured out I was given wrong label and it went to warranty""). Resolving misdirected warehouse shipments, locating misplaced inventory, and adjusting account credits or non-return fee adjustments requires manual intervention by a human representative.","Chronic resolution failure (""Called numerous times"") combined with complex backend warehouse tracking errors.",complete,escalate,other,escalate,Please send us a DM so we can help.
golden-200,1036962,@365311 @115913 This guy gets it!! He has me ready to switch but as a sprint customer with 4 iphones and an iPad all on monthly payment plans how could I!? If only T-Mobile offered the monthly payment option I’d be a FORMER SPRINT customer!,other,no,"The customer expresses high intent to switch carriers (""ready to switch... I’d be a FORMER SPRINT customer!"") but cites financial switching barriers (4 iPhones and an iPad on Sprint monthly payment plans) alongside a misconception about payment options (""If only T-Mobile offered the monthly payment option""). A human sales/retention specialist is required to clarify Equipment Installment Plan (EIP) availability, explain contract buyout/carrier switch reimbursement programs, and directly assist with porting 5 lines.",High-value prospect (5 lines) with misconceptions about payment plan offerings; high conversion potential requiring human sales outreach.,complete,escalate,other,escalate,Please send us a DM so we can help.
